Diameter (m),Pressure (Pa),Velocity (m/s),Flow (mÂ³/s)
0.8116262258099887,174053.17153544788,2.6908862689854693,324875.1453013867
1.9063571821788408,316760.37895134324,2.5450901108127986,3020217.139503936
1.4907884894416696,449178.3343505633,9.071920347158263,9365815.129035871
1.2374511199743696,392889.95456382446,2.5705073785101105,1440864.075983984
0.39643541684062933,422624.4591445799,2.792302288673447,196703.65489990087
0.39638958863878504,363513.34668428695,7.61804279793784,440802.9559480432
0.21035886311957896,376910.625807141,4.552424440260346,74526.21304650402
1.745734676972377,439678.2606261277,7.7894345138562935,10512352.944218382
1.2421185223120967,199867.20354367438,0.7471249598874139,209927.32061660214
1.4453378978124864,295769.9854572562,4.9269548173665045,3106388.732037745
0.13911053916202465,188483.7767278409,0.4327746418144981,1497.2956820616178
1.9428287191077893,495067.2031986588,0.7202667142080098,1254911.748359647
1.6816410175208014,477623.7358746453,9.073730788109668,11322827.728604503
0.5034443102887247,115770.72454740237,1.4785291740641922,45797.84738786255
0.4454674376934912,382230.0690062754,5.370964754524649,394571.0516257941
0.4484685687215243,470099.3269662663,4.1698464657469945,424485.5750594867
0.6780602616231216,172230.13805093343,3.5386989299625426,272706.74538085074
1.097037220101252,327178.0922210518,9.008350122303998,3244282.3089784924
0.9206955354200199,466195.31903521676,0.3160516280773461,117926.10371377459
0.6533353663762795,113578.39143431954,6.671517893138332,343424.7362637727
1.262520499972521,378968.106898736,9.63760489871415,5776304.89328791
0.3650383352388795,218939.6029490203,5.645665016272235,160193.2576571567
0.6550748322169144,469758.47815061215,9.374542374127609,1904879.2750400212
0.7960875022580142,488423.2980661471,0.6173530049316353,195890.41280726978
0.9665329700123682,477706.59564537357,4.246053858834197,2000739.3265672773
1.5918343266467259,289685.6866629855,2.6755621305243067,2106224.8043289883
0.4793801861008835,444817.06039572536,7.335127553309225,736318.7657977099
1.077045432985862,437819.75941402814,9.814841195922742,4654284.556506772
1.2255876808378807,227640.18929730225,2.6396476181980533,883916.5794118203
0.18825578416799568,431566.18966027093,6.576328554593337,101892.69087430763
1.254335218612733,114803.05388619704,2.0611665643214274,354360.2201624419
0.4239958350058539,338507.9513928212,5.696769520258938,330082.602302326
0.22359802667203107,192003.53491508123,4.692931618214528,45823.81116665816
1.9028825207813331,148226.75431091152,9.722852763352217,5205788.293158931
1.9347008628416629,130781.28065168366,6.124419999695019,3002961.7257705578
1.6359549614212763,378515.5103512559,3.5601130836595063,3469758.069274383
0.6787661614294043,235949.98550722646,1.2295482703905405,132121.58519201254
0.2855770166121293,389906.7086115046,1.5973436044758522,48445.96036519401
1.400042750373098,126142.53631957695,2.3306376065172274,601909.8801535602
0.9362897381052424,226116.13513224415,2.5845699472689505,538837.7813841752
0.3318726462050797,315796.5169501349,8.521098972627264,269019.46397853666
1.0408361292114134,416289.2659355854,5.656105603996997,2432255.963007848
0.16533819011891496,227501.00117282796,5.281570022606227,30388.965420094355
1.8277087639496858,350356.5505748036,1.236211831505253,1399805.0719821828
0.5916819650400321,454391.0992944749,8.615382964159407,1364788.7818741496
1.3587923402725657,346345.27527292183,7.255861601763988,4303548.109405081
0.6922510445698807,193183.7899014535,0.7699167828100156,67990.42375150995
1.0881292402378406,109760.31262261521,7.10756746257471,877324.8430507823
1.1387495307522313,448039.54956037196,5.481028351692196,3217454.498638148
0.45122346549850134,108507.76434015486,0.9090809228931047,20153.473180620575
1.9422107927526613,449880.6690736798,4.637176351133699,7585453.731139235
1.5727523643861177,311574.8536108848,4.898493242587465,3808626.1869046893
1.8850479889719594,475627.07940515847,1.7411679476164301,2862304.224617154
1.8001719658125328,419513.29430946615,9.462411655302795,12689257.488276895
1.2360099597410619,499173.644213335,8.514756177658553,7036649.165303704
1.851561046543922,240284.72618068405,6.7233211395581725,5909624.6092908075
0.2681357538986471,406875.31557245075,4.676726053906011,127918.70842185924
0.47236743859637587,260772.36544369685,4.176478861686634,253096.10139477497
0.18593184893002235,291950.2481215636,6.544637324794446,68734.25638076004
0.7181276284502022,351002.185287348,5.499775507128364,938381.4718293374
0.8384868504100158,449470.8456745355,0.7165037482306675,235688.14434864276
0.6155631603704022,493633.387679718,5.173776222826284,1042152.8303941083
1.6746012673886657,407309.3655458073,8.083395810605111,8714741.807464125
0.7778313207178196,267106.7128669335,4.6464747882098845,716447.6335147894
0.6337755684060234,268542.80091082805,0.6143701177872573,69641.63875268209
1.131122558000672,395032.92063555657,7.884154173901927,4038903.8528481326
0.36775602745204905,195510.85830732092,2.0935014431461467,56882.25097583563
1.6241742634326755,144189.64525255788,2.660346265391584,1029131.8589444486
0.24164622299156457,241848.86305631063,1.7305928989797295,24917.303538940487
1.975085179540983,214895.5966616327,3.369129142227826,2637018.7260713167
1.5672650616636492,218523.24818239606,7.591839906317487,4288410.533052359
0.4775597949149275,193443.10041996397,5.24192000908898,244783.19486136665
0.11049202253484457,116837.27585454476,2.1283246140920546,3001.0359229365235
1.6493767140641848,107149.57389336552,8.790517773705204,2556816.1735853273
1.4430289533104725,495088.95589441265,8.807860364020138,8385222.810477509
1.485113619277876,271109.25349434494,8.718726407955469,5347397.903158701
1.565413658703297,253730.65886387267,2.464082492677239,1575919.9760997107
0.2406848382947717,371858.91307722795,4.567269507391782,98079.83724529935
0.7810848842341179,187301.55514602567,9.851397595794664,1189019.905036393
0.3201512130977464,479984.47358009015,7.742923515468904,374564.6566764163
1.7398965091636278,414538.0057662208,0.36895747013304225,476077.7569527438
1.28426644097236,135764.4009249038,0.7455254534788713,158428.22059947986
0.7287062472200334,267032.31031397136,4.692920630442094,664661.1247189168
0.2207608655434449,451647.3230248659,9.101280038029445,198583.62773636065
0.6908664112597581,477892.8089165641,5.433147799731871,1253243.0899250933
0.7178483118508193,286960.60449994786,5.028343829539473,729816.0023604451
1.4862517388423218,345364.5556842831,1.1441896295706429,867153.9508492668
1.3113591955749049,166813.57843683008,6.602123036770511,1972128.4414656193
1.7857042108950205,496467.4504547906,8.238821289942232,12758088.240776487
0.9972083578077036,192668.68055337737,3.866158074324867,681232.1097992472
0.32722906728277323,477092.70965405024,7.778557324160742,432142.06501425453
1.4551650957236906,359858.6595969474,9.648318873618035,7859870.404293444
1.545491592372105,343094.71795154363,2.1172879453641222,1622999.9921893363
1.166426675382043,305075.4044066034,5.280963348827939,2267564.2265446456
1.5648376419136658,192267.92468710348,2.942665785037298,1350593.6552442126
1.0382116330923423,170611.2128022033,7.9492587484350095,1481119.7612872215
1.0931923758257887,188194.48362807016,5.818174322223459,1327789.6026836473
0.9123279348812442,174575.30485770182,6.382365933748007,916529.1685394647
0.14829634081378085,411833.7894267013,7.999350180197351,69610.67506035834
0.3049937112872785,240050.10366669204,4.020107679358303,86668.53636798596
0.15971545280479507,123137.07062535855,9.159391677229728,27452.655962386067
1.3091797814011827,487641.05205632455,5.376985785736785,4307135.755597054
0.6972763640450206,453514.35398537025,1.6637527460699455,365618.781548684
1.0662843132129352,471100.9132780852,6.989401269871144,3609711.501688915
1.8243763004595768,497963.1290585741,7.953287369338718,13631270.537132766
0.5736552353828623,169558.09968779492,3.235940602968514,193986.61655823264
0.8797275537676964,258496.8075610635,8.586074644287654,1667877.9693087037
1.5355471632317925,403295.3902816365,9.070818222181087,8728985.587533271
0.5347165144340826,378408.2472215169,2.8413544250403087,315101.44306787814
0.2462618286747067,161558.36253594203,9.836862579880698,98653.06274312561
0.6505277605361592,426333.2499962471,1.4930441276827084,270395.6750869479
0.4063204457826084,189776.22873466427,2.099955117184651,68237.65591268419
1.8664255394508888,189527.04592904923,1.9238259084564588,1300786.2710469207
1.6354287211723921,314789.76915736543,8.950498129077918,7069488.72584619
1.3034671373698046,337175.9739366813,6.577496268017122,3931807.935073028
1.7557751213566637,332034.48313512444,1.6058324039005016,1716616.595319666
1.6269769461083174,136594.73495910194,4.459201841846655,1550796.3815037734
0.4544831118834681,450984.3450521522,6.1914504481910395,577846.3803446348
1.7958620971309578,206240.01703548242,0.9262944413948946,637174.5296581095
1.1247502596397365,151805.96851312165,8.835922047232653,1679127.9218895442
1.6341362948117188,455499.2319475909,8.055675000871199,10324334.256941797
1.8025734698546372,482260.59929190134,5.101547058408718,8938952.718843529
0.7042066024465413,444851.0469061803,9.674553491065787,2050377.5533059917
0.30909865660258584,423806.42988995125,4.235833694823487,159670.98084511273
0.5330768088296892,362096.7922556087,9.842692158461329,1028172.2710316101
0.911504798389887,320342.94824365573,6.712407988155908,1850989.4217251763
1.6542280552527369,134794.70396456405,6.383245605214021,2327355.839855734
1.7353881081870526,263381.2852282795,1.7429534634282717,1482952.5406193312
0.11320904800926235,249075.4068049256,8.831084807215975,26303.968255776417
1.0704198748973748,203901.51350413047,4.33214791041409,1047185.9535280468
0.89308090598268,389368.045475434,1.7061107172465457,513794.72246377537
0.5220048398943875,298350.2940315083,0.22481444776001452,19848.0174746846
0.32774419793399734,132418.48636305917,5.641581268019987,88239.77667075477
0.7414688256668931,188073.28077992453,5.321256259014495,529117.1732659532
1.8915284374337864,373303.50546383834,7.22160086145467,9380387.897921752
0.7140855708394349,130452.34379612007,8.91355472487624,618413.6472264964
1.0857021813123955,440482.76561950747,0.8861251879659923,451186.9842578227
1.435736021900838,298058.6108055897,7.341815254369587,4500565.69131414
0.7908962445206585,292234.6309306592,1.955378246566064,357892.3696476944
1.9463859571698252,336963.11386380706,8.595952826255923,9919975.347217731
1.9286498603900113,429872.3863700597,8.208728787230395,13116611.301199932
0.5783863620681918,239123.68316087723,5.453858174356889,421231.57723225706
1.0447721611955323,371206.4610236254,7.131403706370784,2818327.685288766
0.6716687886518623,326292.78559831646,3.2120661205191094,506956.42768073094
0.6411969393171885,206811.30806776852,4.764562199434865,379665.1187866502
0.17008519997361232,451451.9945420632,8.234205287333669,111911.6467485684
1.258172234561804,418970.40864277125,4.646725452014818,3038857.331520114
1.0550901441348368,363380.7338633702,3.642202826721874,1452738.1911453013
0.19780962737497976,440232.69163769676,4.992703227777969,89401.5717219118
0.6294282820495617,446917.68038392096,8.299667599128462,1494523.6424147096
1.825705183336642,383345.1906860139,3.4185596689716404,4492744.476776481
0.5551675922672475,434805.3313454688,1.8202397720438637,255742.2664681787
0.3753002569733239,378988.58466771344,7.1489388012747295,375293.3830923779
1.0299602445273697,372056.30870412017,8.27718430581001,3166867.801207754
1.9727358628101412,347444.55128607375,1.09631103738298,1401942.0597547658
0.5599050158718508,401086.65582305647,2.474753716283853,298328.6709198318
1.3770575400711693,163442.0421172295,1.5055226986338397,535415.3524545183
1.5470772691245633,452348.30367957137,3.54461997466345,4076494.366815204
0.5515113335855594,448737.4110980928,4.558474691163585,580155.6561562221
1.4836110623625332,111698.91321382366,7.513380735936734,1725099.691501565
0.798787952166581,430326.70022590505,6.546361090328574,1840775.3423122156
1.301381078127801,151547.94698937808,6.247192818036469,1647282.0491010863
1.3037064504456999,234047.54170365675,3.5885119714355787,1466683.3213069448
1.1179718997420411,397403.30251664313,8.430330775539124,4133957.2107804576
0.2715505631033758,164303.9584193233,4.765742957241829,57378.24653143655
1.6870747416195522,427186.8096476249,9.79313888635003,12102371.421752742
0.709482123446298,432853.67118309677,6.378007169127795,1395629.600443988
0.454385169759723,302987.09350433445,1.3500209414885773,75081.299529208
0.17747276895405145,102554.34868673343,6.794157864546796,21693.730477927144
1.2226965920576596,214815.25326996512,3.31852975277382,1020363.9834194626
1.3873722875003367,346770.76735029684,6.894639247192364,4642246.057815698
0.1315168749629267,492474.4712109694,0.7894473668078168,7728.394288469185
1.072976810768634,352725.41080666735,1.8313262280419982,757339.2649914166
0.5303419728760821,203921.43242566392,8.571798863167285,483932.40614537784
1.3258283017779549,353602.2812398445,2.3490776145327974,1527411.5735948458
0.4312962151094837,315994.1518863422,8.386707139905106,504869.0741061385
1.4127817023946854,411938.15806045744,2.8648332756986634,2404967.711224119
0.834797157971021,142792.25553078335,6.464530909581206,662804.152197168
1.8797869785997956,404411.1610008112,6.972090677747327,10987803.74488909
0.36128979387738713,316506.63147044415,5.175282056136024,201720.33518651864
0.7480260669954911,485196.80154359783,3.12257569929764,867819.2277777041
0.3155996903571192,236748.86641547445,2.2051793260738517,49591.59332940328
1.8569178747292694,353048.7572535792,0.42857461016801957,536222.2567985865
1.766944771423864,472811.242204007,3.109069372283166,4378672.1430915855
0.5900890926587956,141003.8911962717,6.566311626259702,315666.7617423878
1.3539696874649403,474891.3948945805,9.389217702639979,8053525.793650479
1.65272218038231,375154.28892032534,8.724924374404216,9376919.38390819
1.1548815420389784,127134.82364206876,7.684041287699496,1362789.2313666025
1.1063360988764124,220385.4267787265,7.905628698207657,1999695.7032526506
0.5595193527108582,383268.83545811265,6.683350544412353,804116.9499141127
0.27689525883120847,126940.24058750868,2.67683988990343,25128.377204626155
1.804709940111321,332868.1840705093,9.081230803987715,9225842.982716033
1.810794308610328,238353.2227811827,6.740249887867757,5210711.746761907
1.3028927688192091,348366.20710699086,5.6483622467063554,3288706.3192447005
0.7441566029925313,118296.81352500514,1.1987957452134628,88060.79783389808
0.7634981917640556,448614.7224609505,4.525849883683612,1209180.0632275967
1.4793157898534548,489395.5876709588,4.65754688489907,4644557.21903686
1.8045094939098965,487551.1421142766,8.659179734274433,13359028.43678113
1.785464206103723,399860.7326971699,5.511817379859106,7384773.32120924
1.5817635371294854,152034.4960522528,3.865965434807056,1624120.8031553403
1.3198601276931468,403305.27837160905,9.770323252255528,6320001.681859334
0.2598659334905928,109834.7665835206,1.1961338739305254,8038.006107084249
0.40709455677976614,108849.4206115989,4.283229440288252,84494.02620202549
1.8072529582014505,229444.0876598165,0.5160442841969124,394258.2084995268
1.252215213353221,295457.27616186626,7.42505079559261,3290605.3681650795
0.11747439807159633,408162.9671231173,9.188957866771592,53142.64698310714
0.292795931445461,373318.15064260206,2.8723695625498458,79813.35884238053
1.360653361305306,278361.08255069936,8.597582600311297,4431524.589980545
0.10961700930781551,209450.66651266636,2.992960481572788,7655.956604050152
0.4055352976932475,498849.80006308446,9.116624600274761,782494.9065096789
1.1425941997965137,270472.5208943892,7.564222845608161,2535580.217717626
1.4146008756161172,280554.8097318702,8.068577090730242,4549243.8322516875
1.3387263930549411,165449.52847666768,0.2782649004444996,78692.34678959608
0.5261116879750636,417923.81949997175,9.631822535032857,1128423.1226693513
1.453140520560318,377472.89031259547,7.2940428214962,5553649.601554818
0.5507732662439201,188307.84511550417,3.11703584432272,174422.4792663599
0.7182594265026087,132952.4182463371,8.311007182102585,541666.2946286552
1.518333669724246,372199.7208298852,2.887059864307807,2557880.400049584
1.334302508189708,361804.4857124541,8.740263011704666,5871635.85327354
1.7135244799389382,209303.81079928373,1.2145458650781766,737644.0473097565
1.3494644953706525,480345.42490016413,7.066491176861878,6193126.340421032
1.179786346337396,160423.1567123601,5.452914918784612,1129404.219374555
0.2779820588733757,272933.92041704076,1.055691254934864,21931.651221788
0.7986600258129236,477446.3680670395,2.4947488997625062,757850.9153302897
0.6038844985952783,267890.9267704489,0.22279995914541642,24618.336662923146
0.5635803224202588,355410.3790656342,4.740802858098608,505417.62342497124
1.9487200540296465,259037.7591851177,3.082526081524004,3254265.5856750947
0.8468856768668447,209686.080939468,6.023739094547812,951063.8248703254
1.7948884548365152,493591.05918393127,3.0426542963153103,4906213.0901722275
1.2991633893947996,263733.60252601723,3.0691992039191485,1486344.405441731
1.610141476729132,457639.68147165375,7.4576126674428735,9012753.498093145
1.055010476899865,191981.84235643447,0.5766140761856992,125611.1701080682
1.1961173807900825,185241.88161003334,9.038660452400674,2389108.2229827098
1.0357836182558413,112453.63315380455,8.537412356472696,1093015.309652886
0.47096167681628454,360666.730150354,6.711266363941425,566319.4499161778
1.4726590189968602,247410.53748950447,5.972893544063105,3104587.4943765807
0.6334674886376259,445743.2999358548,8.933794731582557,1492566.990768745
0.1462003362197623,289283.9626766229,1.9347687773342732,11841.861656881661
1.326397362223619,487277.3711658887,0.8817947056892033,725707.1304870398
0.436510290873393,174210.20628124848,2.4711506821044273,81767.39889579303
1.8868713102705372,447449.26718224434,7.966324959131883,13475922.741721485
1.912464296304916,410638.7411166967,0.4432356405921849,650482.7731412787
1.8382423414188522,408368.7378576208,5.869787667326547,8082570.751563266
0.8033015304853443,437913.29124675505,9.954831410293968,2821222.5637657284
0.12936757140484811,404409.5963771996,8.57139132899164,60473.76459857527
1.8638052689166782,350488.1286525661,5.262312321531535,5687160.275192064
0.9135498818028972,152497.95107295504,0.7300450019377592,90094.83321346715
1.9366441561829721,113010.47179650076,8.330597792418528,3568275.8171887393
1.9308779564695804,468339.13912627473,6.029887230954384,11160580.267211758
1.720717965387984,346660.1258082952,1.2378366708897117,1239286.0008925942
0.6594528949322127,418614.9163904705,1.0291871197512266,169780.34566719263
0.831685684343658,292608.94060502003,9.105305512422264,1899998.045184811
1.7171596758820282,146923.2755849578,6.725082603086976,2820908.285097678
0.7021518097969275,150074.31688102018,8.30993931323588,578272.7968534658
0.42203621870357577,374226.1148915886,8.801891112794447,568376.2437470559
1.1579223986708653,272122.3579597851,5.76054628527839,2082386.2606544122
1.8786940709054838,180209.8906801347,5.222718882374909,3221461.227032681
1.4224566136824488,296637.8186965748,4.3612313621778025,2328991.399297665
1.1831162231697934,125683.57483005364,3.2377712191320813,595161.4936632584
0.2846353381644602,332788.56076575955,4.402500012501246,126264.83432589746
1.2685137307284224,207597.36177403905,7.761408591728548,2677162.854432115
1.9811023151981002,419023.64025487524,6.059041967049803,9397693.555677792
0.3661596289493957,224144.7835694295,8.935980570552976,265836.2785402666
1.0848263394910997,282088.0596327205,4.4894621423539585,1489902.4287657093
1.7670088366631154,104648.21596324025,6.110186829315665,2056248.3574877486
1.5074603737329884,128978.75511782354,6.349944775610688,1923337.7269757604
1.4243299078910092,256997.42256267392,5.957801906832622,2992220.931775898
1.4347197595755077,291975.5338868494,7.056074353546611,4258146.901197766
0.7830331873175348,340008.2192477215,2.4505913369105823,522562.8723558511
0.6578245041025373,216665.03148372128,5.172401397703327,520255.05313985614
1.637786195409176,377992.754450617,1.131825547802642,1187988.5881266682
1.6392154498904434,444048.95887568186,3.9066621436836444,4845220.829045309
1.747437405302197,411940.39555733994,4.927903979350518,6224670.145791059
1.8351570498572956,115847.53013934285,6.557020169500177,2738645.1050034557
1.0715505578357818,292202.7789031316,9.510257420603415,3256191.28341055
1.0528809599056792,141972.07136726996,6.046445558828723,910644.48482383
1.6167608400368727,196818.006345011,7.461579770147941,4108084.239080056
1.3349314684777538,494665.0373068586,5.112033989002507,4663578.027905614
1.4337370667896363,156998.2171606053,6.3776299106256795,2012631.7691032677
1.612006071928592,299555.2613805424,0.8022289397243569,609494.4027289151
1.7910101494533759,347262.2937272476,2.6184766503342853,2960023.79899526
0.742190798017918,380985.9882176416,3.6823456227308733,790693.036125039
0.8136076100158935,323859.47339476564,4.777684214564484,1034349.2529354134
0.27856568569765106,103908.33896767347,0.551922580473599,4519.513746061867
1.1987322678927306,230584.52329759675,1.4862385657778452,534308.345786019
0.16829032021380996,307084.65735388454,2.8404616471339272,26027.452830442075
0.9846362344516743,135146.59965793334,9.718173639920401,1285468.3849426915
1.1310248059443957,240250.7724836723,3.3803353703202026,1087784.0958312415
0.6444283790437403,113281.24351654663,4.872206475309617,217376.48254398114
1.2225831950811206,131431.3988620083,2.04136735611009,409009.2955427288
0.15795047488419392,258769.31048063844,6.146722703650106,43272.3139268936
0.1709615586235074,153086.30161722415,2.878763833608146,12740.266142685967
1.6629410652533507,327016.33930462325,2.149226526540425,1861220.3800769444
0.7843622186813994,375785.9876549063,5.214069021615193,1166150.971356854
0.3414149740385811,420234.67964363314,0.15450741168816615,7156.098294175562
1.0922621941041284,180060.09769792404,0.17587392322733075,36298.48600808715
1.5629877508873606,166993.0329036279,2.268781210108392,908408.4819719024
0.510059952244002,141827.1361337601,0.4635414887581293,15901.692108965053
1.2834919040561006,354572.0998174547,1.1694549658938447,683617.7717001587
0.26216018348815917,382590.29059476044,3.454720428453641,94938.84059185853
0.19819527022035463,112634.45793025682,8.045598227840149,33981.54834877715
1.1095737999794812,474484.89849747595,5.763281569356078,3622450.3288856605
1.1272067310592024,120788.51346058896,5.175410486968523,814573.0202670579
1.3111168128465924,316518.53412042814,3.0055393497604044,1719592.7432243656
1.479573534073057,383624.2077803666,9.324361822384882,7573093.673076791
1.9541189509788157,448387.6494984342,4.030448908248197,7195804.68047811
1.080970661772271,385634.7728529711,0.9622183912781378,409915.90672834247
0.7136172985883673,420691.2332279167,6.208958509566233,1389397.6101902996
1.610853770060537,235780.0770171224,1.227000095418354,757145.6687553576
0.614581277397941,425930.0454986049,3.517709113736752,581577.2199594554
0.9340456993407086,132045.93855387004,5.123378193306308,555531.8778397065
0.24906712455030533,457926.66242421104,8.75480299438324,237569.4438632882
0.14816641248936926,319036.9504614945,4.9861111453671745,35965.09874506848
1.9290319878880575,426919.1079849975,7.052361783713476,10672389.812562028
1.688362228973191,280927.3138073201,9.928886706090797,8135223.037016105
1.4223509915780261,357431.07807861,1.4017422869900182,944329.6420455663
0.8770105943871127,310561.0643744453,2.819842102643243,702133.1991264146
0.42925920813460694,392635.8087021327,4.006303148416699,271987.43595633574
0.3972303810750635,132651.99281223584,4.2760989675344305,91976.49895796624
0.5754615065127311,124140.83359622552,4.169108645128903,176753.3580508458
1.1435306629416289,198841.29360405856,9.085348925309894,2280046.837966222
1.4577322531301184,163817.87204527535,7.168923180221879,2568200.1764821806
1.3543750157636893,448713.4266368807,6.118261619497967,5101453.138939551
0.6318744041972914,187685.59494321773,3.162789906841543,230622.4059462533
1.9142440332600688,490346.1023276525,8.255524803790818,14085427.737273287
1.5020041417219603,234758.31670844273,9.555099063701391,4563959.30562705
1.1532726997716614,172847.1662754797,8.229862997247242,1925066.967708665
1.2622694178452694,415879.4028569916,0.11549454139558175,70542.48972854188
0.8972401186128007,363483.11020035046,6.400373564815729,1881795.3029478046
0.5706888800521992,299278.2865812556,0.6062402762767972,58312.29013687389
0.776348089437397,322145.4203750525,2.6503114813038464,532064.6344077467
1.5399076098823012,387680.7113089055,0.6892945334429397,624107.6306799387
0.12734762839653616,191381.8965325195,6.077574984198939,18552.372652367532
0.3205380169631409,498533.56642269675,6.897240143576807,366216.02101302426
0.18740501984133023,489917.26485871326,1.2334276168524607,21578.153216840117
0.17738472440604325,360130.27453877474,3.900004942145297,44891.98064305324
1.7253751096209138,179816.98037165805,4.616741438659866,2529330.7145678583
1.436949932822045,372091.2969725165,3.7536249154330745,2662499.396796597
1.000930275265918,128879.36359167034,1.2981475048034112,173958.33618455415
0.2858849052369028,112261.00088232242,4.247583122856006,40165.50782532094
1.0340701627219815,203073.15540448547,7.536662673303339,1553365.6961423748
0.9995963644830748,285049.1826957265,0.8029758788792292,225911.78557004008
0.4290835528290289,447309.0021633522,0.8937821394108442,73462.99997400255
0.9243181335521488,390867.6279065232,3.612235789176244,1198169.6535826407
0.8571589953550095,397082.6084799924,9.423084545027358,2795030.560917486
1.2701151862992113,270197.33377923013,6.718869202556849,3138219.6451199497
1.3066779366485233,238373.99701878516,6.818832571058391,2925384.9962602225
0.1860776185668846,248415.5051938411,3.6830079092948633,29600.385381411266
0.8117639677902952,495059.82549442316,5.9772418329645305,2010575.1606384788
1.289133839857049,116043.67656499299,0.20029872187465947,41194.08079264213
1.0559588913021667,446812.59844897944,6.397350859454468,3248918.7543091523
1.7273306982578123,331470.16342895734,9.141540781004744,9534141.632220905
1.3515179000759956,275446.1676758362,6.16447733661371,3413590.671393752
0.40957541145471643,390103.0641660546,8.749616075316816,601887.6930647711
0.2340806200608167,294667.5765698812,7.267333249114329,118800.57663392882
1.3205966285919997,449369.2952326642,1.2935283223965337,1066695.5055685523
0.15037149002908146,460280.74560450343,9.034287742129832,94707.1114485484
1.2129736044195802,268688.3707493822,0.7577940591221713,299931.1030466454
1.8864374587074195,210731.11889402062,5.386277978222862,3968291.4416497443
1.1934009379641701,336940.1314373449,1.507157525555231,779779.2053952883
0.8375228597923916,464945.3382466764,0.21589544623595025,67529.40213808122
1.3222476150404712,184264.87560226663,4.278139175263626,1483832.3805707716
0.9706804919338815,349186.63342539314,3.020903005776147,1018750.8454772428
1.1366718997002765,352624.0880370082,4.91140488859627,2081072.0193146274
1.8887831366753978,393245.2089661124,5.814278878672053,8306812.442852309
0.833595011821471,152627.07405090393,0.5330168158585789,50594.70822492952
1.926262071265437,386329.98587283544,1.317732621725082,1948009.7258959769
1.8201662197165211,463613.0082662564,5.630559724859211,9031056.935596244
0.47200315609966326,171873.2435480968,3.4973567964093166,129951.36374989682
0.23178647166281435,195017.32996955107,7.318817526739535,77155.1369334519
0.29147820261711066,488558.0376166558,6.557687321060203,298789.8304594051
0.13462146873794448,172390.7810837959,8.471483193600077,25797.566994174435
0.27944162543626394,441754.03734783165,6.95567898402533,227236.0768381254
1.397712869491078,296911.14257921395,4.356317666162466,2714062.7044153805
0.2352584320744351,198892.42976127082,6.7623695617048805,81744.97285869646
0.7060536975581464,448299.96050900454,2.8262736251286436,631740.344434775
1.7052630908419637,278122.1020010662,3.1325036379043056,2661559.4380927444
0.14421667789806913,305926.94157187606,7.910953083215854,53712.07906623647
1.647490116918978,243693.3477599063,4.519553212375663,2878426.0781449173
0.6355240720694598,337180.340573971,8.00396537113169,1063562.9748634766
0.32451317248114686,165409.5490340091,8.241981499315957,152403.43689017455
1.4238006141918862,256432.61466070428,8.589867142846709,4841587.398941203
1.2949914088817795,487764.928934115,9.174688834827952,7715954.4037523
1.7671968257014006,203253.373080451,4.366753683081632,2649893.4486782416
1.496634983227383,362694.6658165169,3.2567815013792747,2908698.8804307403
1.6266137677312122,230076.02568987795,5.863767591281727,3474811.9149624617
0.6358656878854823,409389.2502746403,3.7746069920325134,614327.3747493846
0.43713513318147335,152349.46428733994,6.050634251322306,179161.26713135513
1.5261680281176309,487928.4180314179,7.0853000401738635,8678010.609166503
1.6329860046078017,281515.81655345566,6.915209683072155,5412924.28080039
1.9819597698012792,194420.18533858558,3.8080735814992015,2968608.189999095
0.8839735861317103,129398.69893200506,1.751915996817653,181245.48481321018
0.806834363006288,167903.16203501628,4.362240450775855,477838.4921082762
1.575184625409794,307909.5794224071,1.5116820264108966,1187135.771823297
0.7475267264807338,234801.2705725145,8.911960648319702,1021412.0982898654
1.868438918646773,431553.3463530438,3.5241868613047886,5230729.2390788905
1.7309842285017225,272355.00946472236,1.6291514975109056,1345525.5165720254
0.9150886520125348,199485.70903505196,0.35193282306693374,55405.88492208751
1.526655028803845,346857.99464161205,6.493641624236194,5350948.398563752
1.5336314607608965,382710.8867541783,6.405332942801958,5706786.890556349
0.29593535078827193,166816.76316037995,3.471981249154788,55175.88942849593
1.8148505226911766,167047.68651532708,0.809947699591745,480684.48896990926
1.0599795076509286,114668.57077341719,4.155326059462797,522889.54217167234
1.6702691856047092,394560.8060262562,3.1810532011275967,3475121.54910545
0.7080942419581623,365521.811048722,6.803494333376593,1242277.7964962595
1.8014941341427808,289852.35029992554,6.097214569581634,5606010.53622323
0.8394831895949099,437668.17958767887,3.709477909155646,1155303.711993005
0.12059153781256689,422268.06118002126,2.257136287124402,13335.015724388693
1.820225755196601,334141.7457587009,9.881556064940359,10321298.273455385
0.2734446858936538,447308.5122053035,4.594616049841537,158456.8901983448
0.7066959114217882,182336.4840147073,6.913914934224347,649414.6694565236
1.9051177373965293,144767.84775909115,1.4914743790257718,752151.2089618497
1.9061535791813566,207899.84460679584,4.907338026628038,3872894.6525348634
1.1895319874342436,122834.74243572594,0.3726135267077083,62718.597141104256
1.3004907031226187,312467.8112004128,5.104005667313454,2731453.7246666467
0.9520464917588075,474642.2769179846,9.643772330465254,4319043.5895634
0.6571004662263226,115737.41626740385,3.9036464585594226,194749.92989831459
0.7244626362028402,148843.96560401074,0.48606052449162473,38834.48538298904
1.3777850665463731,280879.61131337413,0.4064623301015009,211126.14256403755
1.529511605931592,473550.00701116194,3.941068923474008,4323128.263489811
1.6040001830791122,226462.4419907002,1.684246870985621,971219.5519635295
1.6002744713096524,302893.923475357,0.33118575364904057,247302.8311626463
0.2732915957925117,116629.14362015684,7.586514778106751,65500.751241683705
1.0393985789349047,159337.28038483555,4.639377787930718,736784.1490599955
0.20936164403162413,494652.04918353877,2.96352324252928,62676.39092545363
1.1441048764150976,486047.47857441823,9.010823511863158,5651248.175971157
0.9389079526094163,101975.99237376385,1.2497757059852037,110911.67051827397
1.7866379472407696,480724.71416929556,9.56359640665766,14498224.811482828
0.7667385238489495,355647.9751262001,3.208270502035793,668717.3938528994
0.32242733121245115,447167.31780800887,8.895196355855944,423425.8855940793
0.37168419590038815,281895.94225354365,6.069134477146669,246689.24548958385
1.5468702002631973,306238.4114317001,8.284402861440725,5873336.213418711
1.274614320300896,295538.63210276805,9.841730315783597,4441168.094444762
0.29213308463330145,366745.70301844174,2.955213834405583,87675.23529217814
0.2598029316184951,155860.50190252517,9.61524130553517,98690.16736072757
1.431841349772328,111989.43594907118,3.955870759533962,892275.6575557665
0.2382497120919677,223171.97663647635,3.916567856895531,47704.51246469519
1.6615341126516767,381872.3050946587,3.4698323321196067,3420951.883444056
1.4418602315973428,180741.38084917935,5.459935312741093,2004805.2632541223
0.25456268321960956,369372.97332996695,1.6260359274670224,39274.13241336172
0.2611916567618646,487964.8184429082,5.58174370504431,191341.6103520227
1.9746151991522334,137560.28631576736,5.4628776428590395,2848415.4077884
0.8111145119366285,369040.84729005053,7.642827944788213,1817317.6339733747
0.8042200794270927,277500.0877218285,8.353134623182097,1429744.0980897555
1.644319177789255,447256.9017510021,4.460369368092998,5385386.652323467
1.8997722970293316,170859.91577895437,3.0930991685797884,1826465.8247174558
1.9734020212634547,377050.3808904658,2.6674154834392354,4028946.6584173404
1.5314185519919892,435246.1158592441,2.0267759833782324,1884113.1529430076
0.8148932125087399,477845.6877896093,0.6707110637703463,208999.00526429448
0.25865136172747066,373299.21131585835,3.4902349904636623,88477.12674787223
1.5765791402621299,298869.9056033709,2.7754521520947546,2080756.0421246353
1.1609680744980295,347138.89608048555,9.667532120077432,5132417.9819154255
0.9060218175692549,447561.9937914873,5.621317379875435,2101351.808251735
1.8220733316799984,328243.89865553187,3.538042686402025,3662033.822161565
0.31127521638168754,112154.82387873475,5.84662924983759,63231.67073393334
1.0359876981526324,472379.4782027911,1.4780473433223857,682804.5473216935
0.12157192505809623,375810.70041262446,4.496033117101809,24872.044896518848
0.9904552197888399,370605.3543108986,6.299719782068532,2194954.331790424
0.20697622379549097,186270.06095908687,4.940088534745269,41224.43236652695
0.3257540409093367,363554.1880930629,4.07761012647781,152986.93701709717
0.3232998688764993,257545.7622616634,9.939099050107012,265992.5749446443
1.3334995740205209,360493.19081659685,8.815116145274377,5471241.214346891
1.5174852706043043,142637.21212319628,6.271718985778457,2239107.778064451
1.2084006536846033,363138.1218412144,5.7368358757046,2993186.9561269656
1.9281278421016297,499765.4903082666,6.244538750263382,12665224.390051255
0.8122541010950377,119284.81554422241,2.092989867442089,171421.32035495623
0.6428529639355354,490869.6736885269,4.011863658316754,833449.8050656336
1.7503383435599746,262763.18428914825,0.4906493756199033,402266.44082966895
0.52483209318696,448301.38013490365,4.807905771119584,605389.5138459129
1.9301228249371616,412954.1936233094,5.4759433811808655,7612281.036571134
0.12309350191065105,326806.5043946671,2.3547223874217753,11497.466800678027
1.9427697707445142,395379.6837005306,9.643885586938586,14999758.560207335
0.1820038327060946,451406.22452053917,9.103600648278697,135793.41794755717
1.793171916026335,261656.1286604132,7.249218031013468,5670582.633891516
1.1026321072639698,230813.26462529547,5.3805276247770895,1505939.2631207185
1.9866331126266705,367037.3542254339,8.712694680512081,13696512.467611287
0.24021347299725784,423138.37677650346,1.393458203852283,36144.02349751508
1.1523231403625096,404914.0539106463,7.926046963321362,4248342.939932056
1.9416748176762881,419125.4595434538,1.3357260582717982,2211049.734822028
1.0938859039232827,274233.32592517324,7.962685559239113,2565023.950601621
1.2958574124569988,427133.68647000863,2.830098925688434,1856987.922298239
1.4219225090707726,148083.62214824336,8.78319675208007,2508177.1534807
0.963628023058769,317795.6391843398,9.446016728871438,3005331.8438710966
1.2923603521597207,102303.46419924863,1.573080097110645,265104.81380743044
1.2101971926538906,229834.33196010813,4.680488490147396,1556327.2807515366
1.812200219932879,246584.61394855916,9.811775043810583,7826466.166752544
0.18634812264876996,258469.07664370217,4.885733616134151,48026.90084083211
0.6338300602252376,378186.8826759449,8.649120472893998,1420919.4215258607
1.9057818197454617,255423.2405081383,5.9284420691000665,6109948.756526318
1.791501189392741,279477.44904901227,3.8157660884040587,3395433.9604806392
0.9657478302928545,195017.65234973098,2.9292571997061154,540668.83334283
1.2782519358229198,249300.71665173603,2.111908601752264,795028.0122795259
0.627024247664152,190907.8509052606,7.6418020946392025,615928.843089501
0.4574302034751465,129278.36950737746,3.9267510175479763,100018.52343658551
0.981026969385966,341379.43735255115,5.161627075787436,1714224.783724561
0.7713692332495004,367285.1194220065,4.974022252011701,1027376.128344667
1.208946612516657,347796.13840384583,5.815062389407999,2868892.48707176
0.2476958102334712,285397.61752022896,8.669213741683068,145443.70581551545
1.9513501345657163,251914.31207169194,9.80931950147595,9123417.053108802
1.9738004145112455,445333.4598287301,4.135083664880788,6980853.40675995
1.4265072566375159,307632.7140544872,8.292437328852401,5048832.344808269
1.1185830960538288,291672.7510518924,7.668825167081705,2915345.144989555
0.6881024709440227,110256.82632257427,5.777936619410175,284973.5483053646
1.6462105374432026,236499.13105046254,9.564866721758138,6197863.558209515
1.4009892278523706,252078.24751434283,2.084697703731188,1094262.8727912237
0.4089721847552935,259529.1123587602,1.1817156820652521,49980.11333057343
1.8307616505383006,332068.9476909329,8.554223472858679,9179021.359248482
1.6628207615540211,313441.0186907514,4.447583184674108,3810096.148334927
1.9046198352546557,343162.03711737785,8.484991656649898,11185556.301508285
1.478867065937884,405953.3046168513,8.941593031434607,8015745.6187243555
1.2654888722780007,425194.2954864374,0.7183301768288073,476142.635158667
0.8946617689521758,387249.2304905978,8.846301153562,2808356.246644723
1.872184118372625,482209.47838197387,4.5383586481572795,7247876.837947201
1.745521390050776,107293.03307054465,5.1532816411418985,1742026.8310690664
0.18591547320175988,178311.19427341846,6.3032658598227815,39642.285076386135
0.15009725154477882,103025.14999125685,9.271187806627859,21187.912432480658
0.8152803970682941,358989.8856618412,0.2892493348546639,66125.07004727884
1.6400513284854825,459212.21957999474,4.820750336346389,5690482.226854465
1.9758246456983946,197392.9186305197,6.90844822006255,5466001.171333104
0.3857920930967036,470813.81791852263,7.254798881212461,539610.4669421968
1.2288483591690569,124106.95611582435,6.956071072217369,1262096.2311927108
0.8236926275989408,473774.4107222057,1.4309077811404065,470494.9766190371
1.942837355847746,240649.07489585376,3.0640163248796446,2492790.822392485
1.7000259539578466,140568.3313796866,3.6512837016284334,1439992.140403264
1.692824538951162,294348.70367453026,8.0639283560271,6791375.123297635
0.9905170036104435,202710.62708820318,2.859722736904075,542884.5107387771
0.8881570544415638,213949.16078476913,2.1859791422853116,351648.39396476187
0.6194734366683418,222915.98597051462,9.578735388477153,792038.8964200193
0.2071134436367615,421210.3591330654,0.18774652262334213,3441.8069527525618
1.7429725148846011,315664.5106701018,9.978426471251584,9479423.558596956
1.6445119173471474,224523.07966240146,6.800530858688217,3667195.5800407054
1.9994635792436481,344133.51332436735,8.30184606454626,10210550.374111552
1.9936099904404203,386460.2696892774,3.0167320238273123,4493037.153564219
1.1553202406449923,209049.6002934135,0.2417212489038938,68991.479802865
1.56107608884297,265419.64061014063,7.404908233759147,4131643.102173422
1.8950548867766133,148754.437334779,8.35803151030669,4353395.708354319
1.7143300422870817,172459.73981387215,7.430713706339839,3667133.9155390677
0.5699613933120755,372447.1415859931,1.5142178442783023,195925.48150695494
0.9560338570891777,172575.33907825078,7.558936430343993,1169348.0819800633
0.3454028887878404,310065.35346682405,7.712335542865645,290756.1854155429
1.9126969517915726,383618.5046889731,6.619551105133543,9355715.299248286
1.2517318054566722,142750.76923789753,7.684547734676303,1535677.899438638
0.5344213304565791,326924.8878515614,8.474622252809548,821684.1562937123
1.3762313003711277,202625.11348054552,6.174680730950838,2395206.2061226857
1.2744436568700022,485170.7500950319,0.9771866682998227,789609.6108078229
0.7805091642623969,293418.2586879699,4.927515315705388,1053696.5279361554
0.3157594251792951,422397.01991006325,0.8687284132488902,32773.727434282715
1.3759890716263192,320090.61686250474,4.134676007221065,2721874.657096636
1.0885846317172072,117365.01314192766,4.130354242343714,566191.3328787679
1.5674049442977147,353260.55023760896,0.7534974569883917,663337.0137189357
1.0883106521127874,480561.3368826628,3.5533232862978457,2017901.1925652267
1.7191448506052263,340644.72805853246,1.198881178034017,1181385.0564154533
1.1486229936715227,427675.54377071606,8.1015285790913,4441022.114123067
1.165782145917234,453682.58533936314,9.48211145704826,5942769.050486115
1.7656418450508555,191231.908779573,0.8159331050535922,449529.84078538377
0.8666174458035543,184817.93596329066,9.555640552187844,1376128.5426550466
0.3546289340562174,344392.3955403967,5.273508333433777,223649.85293014356
0.15468708499534406,264411.38792268187,3.065700211743352,18300.302107674135
1.5347607857798762,435944.52114668814,0.8609345452340188,864170.0824686384
1.2785881475715828,460009.2493592045,5.0561802538971365,4041340.9013584857
1.4377515593885248,241368.55172108725,7.965703890458412,3868026.791333803
0.5046319068669304,194748.22358979282,7.100156124940312,358431.03630791715
0.35910580361486255,412210.20609754475,0.5972375134933403,30587.27823138696
0.12763486476897568,209922.41421925445,0.8217281701422448,2916.6177192514565
0.7661163617325342,429045.7274054714,4.088445498063107,1064847.6062565222
1.220843605023803,269495.3014595051,3.0233758910746387,1326652.5692041484
0.8452636856894914,367019.9597165882,2.4006047982548737,623972.74686599
0.9312023518450852,138214.12553386728,2.881944539196265,356950.82817045733
1.817901519538122,349543.7298706292,8.054479158639158,9349835.913783185
0.7616853873442706,280707.07149489166,9.299357730955354,1612586.3654534447
1.0765800294036405,334643.3852701896,4.1105166758229075,1537002.7072035444
1.588940724208172,167205.68309794535,9.07049892111172,3971743.1691217828
0.8534312864104132,394749.49797767284,3.2828074423540317,934664.1910753724
1.2819647304329598,445118.8310172914,4.816726164803537,3512238.5768107297
1.738491046618816,186695.92003631027,2.3376870783783974,1325116.1403893821
1.90408918494952,138285.8222080647,6.440712817540855,3269860.6279111984
0.3794396137651721,109455.43441853455,9.791913040230607,153411.87299169754
1.8605164878068394,356788.6001773064,6.074581650829448,7582841.492878828
1.0350209568511226,342837.61443551234,3.642359432724134,1443288.3987555935
0.5906643377680209,318678.965085628,6.513392715306231,759854.5133531454
0.9723579368526964,192778.83844639017,1.316914716807337,250463.35727561347
1.9620618930424063,256362.39836220586,8.897724894627446,8581286.391895501
1.0359743785864521,337790.53407446924,5.08053111272038,1759959.0536224316
0.7246280595462655,298706.7435436677,4.548562446192456,747503.7597453928
1.303461623201779,495114.20808595495,5.90006140568984,5180559.7271877015
0.5562766756785669,154575.90102269326,6.285360241615084,322782.3133166979
0.24414032340646144,378057.82161903754,0.810580481642479,17713.974460442358
0.3448714716302335,261727.50724171684,6.857910490111684,211029.0822017106
0.34328709401976765,271279.8459702459,2.495123635123743,73228.38154966015
0.3886151176733592,387039.1062632705,7.168131061815239,410764.625831673
0.3637716280338793,376974.4605297479,8.243094464403548,431696.19594907766
1.3176620151261078,496502.3974808753,8.059189224769952,6785329.306306011
0.4455721603583752,151357.7157816501,5.569759577338102,172729.65382788185
0.75676783831534,141643.85975366653,5.2496819338764364,421793.1551325592
1.8038979788214224,389735.5268514965,1.5144720172601762,1951801.299025176
1.0005271164994574,331354.7668025637,7.775926888991043,2431295.0340252174
1.3683597031899517,209664.26662392233,2.7869528664224723,1098755.2541643914
0.4274077552830967,131767.74759559464,5.01728468589767,102708.87594817005
0.4653491357364744,134263.29983857222,2.9143135199824157,83940.95989841294
0.17765037090630986,457676.3498656473,1.4249007936969622,18903.547326808704
0.42097661983711265,176746.92988749716,6.332621199228192,210319.71846151512
0.6293216441607213,229348.62484620832,0.6378871447467479,60193.09667639914
0.436319920125819,190662.5608907952,7.51158781784938,279013.01713821443
0.26853481413840563,241998.5223327749,3.2441092730850554,60917.484490718096
0.32920815509114154,127769.53709843734,0.10133346074440468,1336.629526561776
0.9754796592621789,307623.91636330815,5.160178478448575,1642471.595463588
0.49203406497100577,127045.02543688596,0.5638338944232709,18150.303506737953
0.7921127359913434,420142.60312894464,2.834078622426905,738270.059356988
1.056492814624228,193484.83276417322,7.09906722581159,1620191.3533786258
1.411750174395794,316004.7658418042,0.7206272540564721,428753.01237132406
0.17469306569808798,452031.6350245833,8.409451074324423,111225.45501010292
1.618879757927181,360350.94761887763,0.13781723431997278,126193.73190195617
1.2930107400327249,313183.1146205341,2.5435563050988326,1296590.148358651
0.25534216070285665,229733.50124615023,7.434950155905507,105481.5143366329
1.7597993858028766,233200.76522327916,3.231074482320137,2476177.325545311
1.849657561010445,367794.78207927605,1.108734641853534,1377076.9242245571
0.21604812372424112,497655.744488467,3.6663157961242363,86665.80259857749
0.6260675314796871,364735.67593975144,2.776893535206803,385669.0504133725
1.6317824316068166,323113.36694800993,8.442847831389493,6602643.727312699
1.521693411728951,392260.2040956984,3.202144384092917,2947775.8928207722
0.4505899367771169,286082.24491348723,7.910431470582472,415535.83807777375
0.49776371433974953,124056.93704031408,8.929534233626274,273529.0123602852
0.8038969953036257,324918.72635116393,4.394792453807642,859678.4885758556
1.0205936718629405,483050.1138021521,9.108437124158481,5038290.773423924
1.2746840659075624,170121.17694306385,3.8354487342356096,1108490.5992279984
0.8009359151825676,376001.9563282663,9.644376323252072,2338568.815632851
0.9788159606529809,180373.4754636226,0.9839662928031719,180785.65063100986
1.5201947824541375,314331.0737892325,6.901490738382103,4801213.558383811
0.169698085492136,138670.57985868785,4.988759000523594,20463.256410024886
0.5796301942536394,280148.3745032741,3.937723174010906,374328.23639758385
1.4553642131806497,402465.33155809843,6.363847599611149,5496512.7721380275
1.8008929916056788,239028.60969559284,7.068185207179878,5827994.964768533
1.0721871400197656,365964.6897948872,0.14319636953805998,62450.208494248676
1.1110156220040999,418179.9843158917,1.7528355785972676,917845.2915389446
0.3036268215455745,470871.12779178104,7.159155901279755,285058.8531289708
0.9500834969645637,193856.83274218143,6.697215594424244,1115667.6334348968
1.111972806264544,259726.36632372325,9.663870300773905,3084485.030260928
0.5606939569059863,160966.40533216696,7.634274123482752,388130.3317349498
0.6115621388038238,496993.4008633501,9.512649806540246,1668286.0901025445
0.816839909898783,470800.3871697181,7.0551509651945885,2483484.0365507165
0.1381352757776801,315982.85211222386,3.0507168655304873,19788.55624771064
0.7119504146080387,436813.3177505685,1.1431127302834792,260715.17376646312
0.5017512132934349,308383.1909088169,7.8400562471148625,610869.1446270203
0.7222449691380378,349434.2752011039,6.477077292611567,1168102.4956300529
0.3275480504565773,135649.77284640665,0.5770415226936327,7998.295028326326
1.7920018334058003,402108.1681987232,3.664499612419686,4750219.652978009
1.2278256617526926,151085.39345409392,9.572318173294432,2208382.431406525
1.3902944063745302,430427.05210101133,5.053971342530992,3943737.1698606475
1.5994253533539429,412811.23506815435,4.384018446595076,4707045.80814645
1.0470401779652088,383497.87909719057,4.63122609107701,1931973.1322407823
0.26514854736610505,114464.15220990485,2.167938967651121,15781.789807808971
1.1205024294552408,221251.34237813146,3.750200991561473,996940.5597367887
1.2149981242396704,205245.02796433715,3.761151234273049,1116012.7541208884
1.516335000950227,244054.56298860765,0.6183146998559768,379714.0874790762
0.9201531378363907,135057.0987055354,7.698919522327391,904873.1840706988
0.34240257531157114,474783.1292124251,4.2233938758484015,219390.4417651904
0.6391742210175765,321520.89628495055,8.23958087948259,1108615.046398076
0.7898563631574066,222209.7242632094,8.518445211086965,1089555.780002148
1.3272427585300424,258792.60682971336,2.198741141516715,1056629.5351044307
1.1844787788709326,278881.01620193425,6.607799473484273,2524513.01239228
0.7765837792059078,340237.7333442469,4.775589861213518,975322.1096673182
1.9743789727066614,306271.77107859915,8.813551705422702,11220035.443508264
1.2509721567780856,467756.78928576695,2.235832723846896,1531314.2395932314
0.5507309042983894,298785.3931623321,6.810350683069438,574060.895551649
0.2933866979787671,496863.2059293251,6.116746010301953,253966.7450425475
0.3904323644502309,440569.9830980383,3.0234846279611447,213597.69749629247
0.5673196839305654,183404.2057429343,1.452348946146609,79217.89675306731
0.40529460919315574,472238.0858575665,6.551233628725038,436225.9776182262
0.454477345697481,146546.55915419044,7.412114835510073,219297.29085505108
0.6416808205183094,426979.8833964766,3.2247107032571654,582579.1116790692
0.42940983106003416,252249.31739063203,6.483842779820907,319681.6210210185
1.8038543067902078,451189.7281780278,4.011795985353882,5753409.054359581
0.2524441167571202,447222.67604298017,7.160748144497916,199887.45350652645
1.096571640183484,422370.16004704847,2.072231221451126,1113181.3639606365
0.8797539712803568,416012.1745228245,8.913128526098125,2601552.995050622
1.966519372126352,221871.6556392163,2.9453550050092394,2478085.500855503
0.31287391411929943,132367.71322050088,3.741081278785914,48936.55148266634
0.855925638186909,261192.0715060646,0.6751103255954629,132085.01057156693
1.9419938232232008,169409.80599460346,1.2039709019806364,749611.7326038997
1.7444635391985626,377980.4355609847,5.207032836852048,5999715.608497432
1.6524369348036319,238439.89061511421,2.749167499606918,1567211.2365774338
0.5900153713853856,490244.08034396596,8.371254234847724,1381641.4314511972
0.424686416041125,356388.8309381328,0.24546454768404305,16135.685681672305
1.3704221178564189,428992.22545374435,3.8530310818521687,2951812.621570369
1.865814379342413,153009.86909673936,3.4397209130140176,1837631.6534962142
1.1578494967264665,444805.792909049,0.2913435460842503,177613.90070142574
1.1860641099928098,469102.8762053577,1.3312471501050513,863456.2101754132
0.6319602779545399,294824.7675275743,4.195062481694489,498158.84924915753
1.5620365730646801,342501.175100391,4.979359386029722,3960887.888108715
0.45538312225929445,405923.9203611982,4.102468497823204,341769.9840494946
0.7149905491680629,169935.45090416502,5.356283016279729,479513.30088940175
0.9083292333711919,301026.430585377,5.991803581566247,1499837.1203737438
1.0644597195004646,259465.21110892523,0.19824582916557276,56573.728751817056
0.5605784915886525,158549.59686489965,4.694542078589688,236522.76509026118
0.3181899670044867,247013.76891661258,9.638642484787125,249664.47937559086
1.2601780806391019,127268.92375419743,5.238419573282532,950216.0736269121
0.648398051156486,110324.7627797948,6.8076684478436365,334057.68208316725
1.2043526207029633,154066.5156619291,3.187452193377144,700318.353636886
0.3932891590209844,485246.04463566956,7.762514643712349,595019.0550071666
1.0141661935241533,319811.8143580068,7.751922670573539,2702537.0548794973
1.1119199218480131,486328.864461288,5.260830871775975,2946288.3620862
0.1984647199626111,272999.1513320528,9.762536850464215,101252.42458814873
0.7395481285684491,224726.45323410383,1.3429471261502686,162680.16430342165
0.35538788618405104,302456.74513609766,0.26778188240685186,9828.523262261524
0.2204124438982587,275804.67545316403,7.72456629639525,112480.264900881
1.980924441540896,142265.87370469756,8.090839819912338,4323299.6108541805
0.7124723054519736,356330.5258760825,1.2900515682937048,226862.03030500558
1.6387614471238063,186415.27300383983,2.7292700462902,1380305.4517204855
0.5838172440511513,347835.18195913185,0.2737683973296262,30506.25192413543
1.3948551722254656,360080.43695926137,3.0037552467275908,2062738.0276950274
1.5444329337904044,160809.94125145924,7.754104551794848,3021495.3312443458
1.2317136071549042,124539.85084426726,5.227809224354531,971312.002136958
0.9959947582453008,412304.6344273759,3.5461463723660525,1443631.5364418374
0.8824977368798101,283920.1695077281,3.78021901957267,813750.4889826785
0.762849706431691,123265.51820219032,0.11340089458313474,7518.616909506941
1.866105374070869,497946.52686790685,3.0680252228958356,5405572.771784051
1.6781768747966854,123112.22439854665,6.499941542215511,2451398.1238674643
1.933551130266374,378014.09154342127,9.744524993781935,13784130.878255062
0.336164724622535,493471.5701053654,8.485902187140605,478551.4566402101
1.4886482028869241,195672.04168637024,0.3335901499907383,149662.77499336808
1.882846867959972,156899.74747487847,8.99574998628091,4686114.838195802
0.44434282571475425,148553.97576897155,7.853664291656397,249961.44129895567
0.22634290799687723,221310.05902703822,7.825723623352706,89625.35359584994
1.5081292336511123,140418.3244042587,4.634158014135357,1600794.3653286411
1.1914989150418327,376864.53667765274,4.040252400249578,2082401.3142484787
1.6994746758407169,124916.71925202507,3.098865715448607,1219660.3234031575
0.36556751558995004,303768.85125991586,0.7503791036482211,31642.69405321526
1.6110078925337914,498678.7415411907,2.3595300985876215,3138251.7976132142
0.48309190809071456,425588.1078024075,2.541375986282444,255370.19421591432
0.4109462914448385,346087.77529240435,4.892362990130995,282386.8835972984
0.4121050160688866,222501.4483146447,7.4996996253072705,300406.461466942
1.647691968439626,349558.3345166554,4.790717301139671,4578355.22521647
1.3638747193227803,310816.58556466067,0.67266004952689,350659.07860773674
1.0938243070613267,270433.3535561486,9.582119029783218,2927208.5450002747
0.7817779198346547,152284.1506960798,9.432970759031711,869792.258847378
1.7666810275449056,454641.6860961867,7.873376477169243,11345573.88455886
0.8456457041030072,279913.859528529,9.914146225485784,1978910.128932797
1.6515389349959966,177849.00472830603,5.490375094722602,2825695.8094238257
0.9343563262834149,247103.74035091585,9.63140666750674,1875058.4007150258
0.8161944159073243,265651.9010115708,0.8484899021058326,151235.4760406182
0.9790915927722522,431015.15822674974,3.720239407787576,1397404.7965183516
0.6726179609118699,393445.7522245608,2.331274553266982,430731.4063315777
1.5204578223348773,407721.95745653595,2.0387475329292735,1912583.0372569687
1.0551687411757105,104412.50577145889,1.4939491940374934,177316.6948593463
0.5412041207789529,266461.59927190456,6.261895051503367,467612.8392004068
1.8091916892216802,292537.66065412946,7.83508637189832,7982252.260288618
0.8293933206091016,107676.91072922267,5.82515415426157,453944.14061948337
1.1327504361165783,203925.28349801368,1.5549308249232758,418736.4692469439
1.8222970108326393,404115.929248854,8.130125322341362,10839767.270840317
1.286052192236585,154843.8822915996,6.395951600920911,1685500.05658117
0.3221062773458917,314124.0525810367,3.942840490657256,123959.82767157689
1.8856810348656028,186080.748806895,6.7738899258070235,4673775.162183069
1.292645300835694,104848.30985755731,2.6730592945040454,506927.97874722705
0.7363206678484636,196480.58303981659,3.517402864092684,394750.6533547478
0.3646169380604358,490349.50196402153,9.183109847006703,576806.1408605657
1.6086478596135623,420614.8447531958,2.975994606147062,3297742.3095683064
1.2781382362641758,483830.65772841335,4.752883854763572,3513800.533393624
1.113576074755011,295141.61757054494,8.912397260220544,3355208.64732326
1.7983959077968195,143894.4794710014,7.106441367648522,3381762.0962397847
1.5983347013266085,319183.7955894772,0.7158119390305573,529111.7882888456
0.3881822714922273,281750.93382398435,1.5583001383618065,62315.724351190656
0.6922719288115415,437742.8330958464,0.1776317486419765,36736.76076168018
0.5721293656474848,139233.03231369783,6.346125723268718,284876.55485599575
1.5134979558880863,295296.4548087113,4.531966911563141,2880165.970229775
0.16371162599798084,160019.4658775937,1.429321023932528,6249.238783074331
1.1827904012555015,229870.37075602397,9.583547798462028,3120696.4513134863
1.548671502907312,394942.83095511986,5.343631267061637,5012451.792809169
1.765854709847324,290407.2517475066,2.494743611717603,2173768.895379739
0.7499553225602241,250355.31405830773,5.055975354431604,749252.1116947914
1.6603888788768244,257790.5114280141,6.828241294077567,5254504.599392272
0.31020030021489375,283778.70736239466,0.8547682579382884,22776.300912850085
1.7082593542955846,414006.6175348227,2.8195677689741308,3302149.3518866505
0.34222845843076655,456833.87557609373,8.088958359751537,443425.53776942694
0.8548458520646978,482133.8746015713,4.650682216986346,1609218.4006131259
1.614861194981152,414761.354502118,5.511113706119719,5919301.795272977
0.3848431119626702,226162.7582992051,4.384878421873745,152306.19818057033
0.5355776509420188,375253.88243461685,0.5346094321657507,52051.19838376404
1.472279879946826,275041.2496221567,1.740922820219544,1106319.9041803444
1.4680694194375412,201868.24881842046,4.51086222354472,1969682.1052092933
1.318180502482065,436348.6317703691,2.1709361075384854,1612136.3296938792
1.41850204448749,115370.53958493,0.5947923837308196,137460.59648107464
1.1311764423604327,460704.7968541694,8.452131674113055,4973167.524440153
0.5784182119232102,284590.98584989365,9.813806038724746,853537.334342993
0.7568223876574469,354880.59072331217,7.95211445256772,1737236.7829360245
0.4450356619227087,363741.5688823131,8.552470724876203,617405.6620362335
1.8260560665338939,458047.09628261457,2.4955735901387492,3896040.019133984
1.2084444100556289,354667.87286688294,9.610207057580677,5214277.096216364
0.8616176918509157,345573.4339040247,2.049564474088941,498965.7795972741
0.977811026923852,126660.81622427599,9.51915512258214,1180081.6265981386
1.8998383452624492,307363.20877808164,9.948711010262915,10889326.147431858
0.3913676659205524,160067.60032681667,7.146055776885882,182620.07451242057
1.2138366808319148,394973.5074885942,9.813322944739037,5103481.043866886
1.0611884898804853,304888.7683250698,5.738443817714326,1960484.7464031747
1.261763047325831,372091.1116833413,2.6694636534432945,1533689.7041276805
0.13440934925959697,116669.1602409537,4.426259268089646,9530.997406842955
1.757035426993888,133916.80641832127,5.9762532602499805,2528796.597650197
1.8710247367188635,386529.3552250729,0.8235074640674485,1074891.8252656406
1.173753048819497,128833.73439946935,6.261198319710736,1071750.7822260577
1.4236365653660954,128502.69110610345,9.813660583946715,2541743.8613545913
1.8527488242368617,104843.39009395498,1.9820657328589038,681352.5959792588
1.4437534051954575,482600.559319792,7.946691651254994,8330465.726711807
0.3898241815370965,395003.34378360276,9.088198058418232,535456.1980497756
1.194947884316945,241300.56340082566,9.442645768920187,2780600.2623886224
1.2527585881274261,218614.2325150621,9.605342483613928,3233774.0522185336
0.9058482754745334,239881.2918983398,5.262450423342572,982057.7139572806
1.4992440476869735,409861.41247247276,9.775348289115886,8271093.614197233
1.8752973280611283,364548.2444281658,7.597371050630945,9137366.105281355
1.858580174522875,174078.22714698716,1.700547218745923,1028170.2916957942
0.9565948056678509,169643.73413363373,4.821311054032902,798164.1122347461
0.315152287097435,139358.25988535892,7.211478636182839,101378.52761512299
1.9711982780284356,364121.0878805352,2.548669126608925,3496600.657575322
1.693906364247275,405749.0648886944,6.442090317133984,7670997.155015595
0.336859094286207,206018.5713300016,6.6993447425615305,153020.64672851757
1.8495995769730074,108377.98441236513,1.7107274637048024,612246.2484823858
1.7528030879180438,132868.66699057093,5.694344593282287,2190349.488973324
1.085792308539537,487144.0139380122,7.739106418688216,4055375.3924098075
1.2234233279153657,218177.9109909681,5.039067078905825,1613480.4996171342
0.8581051373532474,407689.25913525344,0.21982085608346352,66511.65682521816
0.20404711376185952,349865.42754170555,0.18948084388499256,2746.780847801367
0.7368747591272117,252775.85586115837,3.634590505303121,488484.26227668463
1.6254215523362217,182274.90487822203,9.269321277474642,4252739.653299325
0.10880084370874543,148554.56726376258,2.363900118075727,4283.4203488105595
0.7336484262131739,346005.1872155466,6.380200519829702,1109957.8062349332
0.8565205178227923,409853.5122551152,2.2985511198638737,717944.535482991
1.1210516455820536,357561.7014164523,3.2845328976295316,1402002.470305176
1.847725671184245,312120.8532996633,8.49561668705469,8712413.396024538
0.7580573892953263,116780.4893726545,7.3157282784724735,454938.60550148966
0.7592110836028325,487395.5110377535,1.0444528454007853,286067.7026891208
1.501252371408522,419485.6766618298,4.344150007765693,4307326.6299012685
0.9592140876906335,217128.8146803859,0.3887806600881183,79672.4244644814
0.5267491635859657,491988.13174354023,4.860812451369789,696007.6682104926
0.9596350806521174,340752.63585452887,6.658096715840574,2143849.326621681
0.3676283387216197,332969.0632828986,1.2731759736217005,54132.45893616078
0.4351352743618243,399229.27177181287,2.9599608952007403,220046.19870203827
1.0468987682050115,424707.91523605504,4.038582592471354,1806540.0318394776
0.895958354058641,362591.4429326011,9.203357144094893,2857011.824052692
1.8382072120293902,151238.29854648001,9.933224652687343,4772467.767578693
0.7885484083216029,235307.00239779937,0.544621860056597,83247.64379930735
1.2031178655282826,471233.4561304199,7.633978442604381,5439678.682933562
1.3013021470471078,189846.24473754078,3.7800682573831983,1326398.8290947627
0.12487946751783391,248866.80953500533,3.9853360436718526,15150.445096927502
1.3607210068317501,272830.7531776784,7.567223236135525,3958829.918560991
0.43826833705252766,275761.99587778084,9.192421678239546,542452.7709607787
1.9260336031919647,345175.8329978102,9.51419308557523,11806378.030440854
0.3824591827309146,477230.335097883,5.813513601779376,374675.4949676133
0.887785835081345,196277.084733002,3.635499477074978,509539.7450272971
0.26216436934942333,148600.55052036722,7.896735950001914,83526.12607957999
1.9940610785073,178988.19594397492,2.5849136942967728,1666479.744807757
1.054170519629361,454769.9600837078,5.684332885451826,2819239.686931277
1.2312315329080832,358324.3250620824,3.6499267690962447,2025973.2476211276
0.22744530703801222,214362.71569566405,6.600647629707973,73874.11560949124
1.5249248937584379,426378.77558744693,2.4799492376457186,2511174.0006003147
0.4988206268816129,444547.99854537443,1.9967701627747754,223324.24828555086
1.806303149937356,438605.73547611124,9.190566958086826,13993178.325273415
0.4897653169158136,467570.61345582176,1.1078564612004154,118336.55726247987
0.4623066692609664,200896.40806934464,5.108983286575823,211939.36975587177
0.16944436891138026,402016.7714985113,2.2864425513337885,25371.6066475743
0.9969271957089985,284215.798909656,0.4854066369241078,142805.2212020332
1.1731981531989712,436799.4211560246,0.4565863010851213,286861.48720287153
0.2248464149138695,391396.27086464525,1.8346955438476908,37122.9056956434
1.5735024717205202,410578.97859988984,8.681026509609403,9346956.961160146
0.9612487860212524,362464.7350724286,2.896539565372564,912959.8188891237
1.096341511722402,170971.50778788276,9.509545788695428,2117134.807351727
0.9374492191826335,318010.7675587753,5.858060700593016,1761849.5539668014
0.8614498156631193,493867.8958098033,4.422480478710784,1680442.8858214961
1.163316629485614,474955.22659884754,5.8428794632276,4090149.8505168967
0.39495646726835376,117269.49431880467,5.215314013740051,87501.05018442143
0.4456634479410151,165925.92629177484,7.611884912197519,244275.70375314602
1.737392679925683,152691.50938182476,2.8967110531312374,1286021.4610547044
1.8976193780539021,390391.9639941182,3.5951988768429937,5236399.384959058
0.8092877009315306,427114.131942778,8.951533595079182,2372593.0880285082
0.6144148789727522,185404.54652426875,9.469919480189015,687915.4509685198
1.32359913215413,302341.0771807316,8.936326452116097,5057717.304739599
0.8765949250863831,436281.21120448003,4.252535140177404,1475203.7859257197
0.14823407575465525,393120.61790650024,7.825618479768129,68558.11496560718
0.39668993499576166,316894.8821967393,4.8157237596808775,228286.30491070368
1.4603472348100552,336139.0761835092,5.0256445362464115,3450112.268703566
1.3519554896292876,303344.218766512,2.1263330796671114,1252601.580339389
0.15148238575661863,219019.38052752824,5.952190002259313,31080.32466863119
0.5217471076726039,326008.79714360647,1.9427453877581446,172074.76324920022
0.5390421135173357,375554.1208200363,3.3824905207652187,361396.1897940527
1.376596212837584,449329.1663443231,8.564798996037357,6554118.810453067
0.1374500217332919,354516.54159169924,2.150050511187467,13629.37227763239
0.29780630577069034,404448.6148172632,0.8044670232169848,31614.031877951154
1.61984056220906,164028.6539818292,0.7831751668668814,315492.0708304172
0.4392348579032339,284622.9897679159,9.413766752980768,521821.70680264756
1.340217604918562,103732.64793083732,5.118512335822163,1001735.5202678852
0.5525472839887804,198671.5458086492,4.1531795109884815,236108.9835223786
0.2889386462427558,390584.68604520196,8.127697951978393,267477.0737190557
0.5620271628989627,496723.98053974536,8.374676686314109,1375628.7248530996
1.4723071705257524,139671.23983488636,3.3886912278444856,1026613.9840534471
1.725823289401943,260597.7263445153,6.9668187689905725,6183062.386964385
1.677417742677284,420028.3874796638,7.734115876933677,8377943.7161452025
0.8546487062750641,181614.25385155954,6.581041799972949,919225.3858633998
1.3693617594842278,322033.9797209145,1.6007912405209839,958305.8588950338
0.4894701612900598,393228.51841186994,8.771242526818865,858233.0185287378
0.6569806874959252,346394.1801040716,5.437036072086486,830838.6204194694
1.8030380551901275,175209.89384616644,2.8964770210630366,1589348.2973810602
0.12470365467039847,242153.82747429577,4.30975903583317,16415.232222349026
0.26246620862348935,413516.7137941589,0.4719537949491831,12195.4231024645
0.4949838847774519,321690.60565280664,1.365881332101934,110901.9420613439
0.15041118736025746,102091.8454171651,7.678912830107023,18000.215895040146
0.4447273266706149,404396.3040112375,0.10011518407812481,8263.161941192553
1.2077789658424152,114124.54197609563,4.224001701974692,740402.0657270609
0.900706646125746,398293.5130924929,5.272850792747326,1735104.893720173
1.7960762510462522,180992.22406609496,0.6408807580096257,376955.91624471167
1.6531427673030377,483229.3920477521,9.733473813426095,12287840.198941782
0.7494529682259643,247176.30052083379,2.3386407793717523,313120.386957116
0.5929045235194557,230772.64653523164,3.111567324399181,267403.5025129946
0.8214155755178071,159555.22013297788,3.1090308713247707,358742.19996102154
1.2215603907781347,222241.68619608594,2.381124954961764,780254.1133637864
0.6093209175634648,450660.30473128025,0.11459083865448302,19217.158344180196
1.2858829249133548,498533.7350508989,7.3205134614711636,5761524.217373444
0.8778821391633568,247323.81220273933,9.671770448012925,1951604.2406109227
1.1488896436187626,279444.25238181703,2.3205054845219464,884399.6941475584
0.9286404053571017,388828.3752810948,6.664167198853882,2451487.6680166563
0.6594849431296436,454478.3121860298,7.44477363689128,1406923.2616524
1.9020612832280976,337217.73367471364,8.499411252996195,10173288.50354282
1.5508510089035457,256610.27927113173,4.2840290504347305,2674628.9258025144
0.36621503395625987,265048.73633944953,3.0990159658402496,113720.3308907322
1.7500891542060344,378247.25859872275,3.3204218268280083,3805229.0137272314
1.0261192766740759,101287.30544171148,7.154951197675277,729751.727830587
1.7996492310987737,347835.7349839363,8.186116718405797,9628477.810658453
1.619724986299899,242197.20417654296,1.8979782807903665,1249471.8598866097
0.9079056584915435,417678.9325108337,3.7723159807618756,1239268.0519157022
0.14269168580822306,137196.25592925286,9.029207947816586,26931.952377854683
0.6104869828313975,335280.9067793562,8.08626584497792,1069558.6206951018
1.1291050078556473,292389.1559544495,9.850098187348511,3696382.900437744
1.30360861766968,356930.21036209096,7.5670577708526,4608184.069900364
0.5899866023230843,125941.43779318733,3.9926324901764305,179878.7496078063
0.36477654073836585,331993.51497125253,5.947314556546914,251407.13754685954
1.6863674499186683,324593.8351838095,6.644041117048471,6142266.2321890695
1.9703641433367491,324264.03776646836,0.8767125815395271,984916.1194938855
1.098811346375103,341395.0666385819,5.490519895128264,2362347.337947732
0.4261906431117767,370587.1748905449,7.122276201878835,441990.3321636706
0.617383920386801,421995.5998723079,1.7564809096104979,303766.2525118738
0.1349422854401868,207928.28805128572,7.828254002513016,29150.521043189026
1.837167732464948,430019.76407202485,5.879350527089705,8442957.497084145
0.3237270574912682,299302.27290538145,9.526995678406188,289450.57242882083
1.1953813034770817,130823.31165373247,0.5199807522482278,95804.33546107948
0.6207049193056914,123420.37169759168,2.7267287617991234,138854.14749109632
1.1529382047800074,233695.32747842433,6.055383405068258,1647078.2595726282
1.337698737868542,413958.790844587,3.035943130838714,2392473.1242541494
1.676509427043683,383072.3738963663,7.172799224305297,7853445.892574857
0.4922004163451461,415445.9858689626,7.6141522969671165,720088.2055790894
0.12089207445111291,306907.6225766437,1.1149080442580972,4731.96046466943
0.3600826971307338,276079.5991821962,5.187159195647,201245.14860886594
1.8100354195113997,158981.0106825136,5.138016500351453,2549660.170544343
1.760391147368779,231277.10144372462,3.755879625133857,2536686.574249778
1.235084894123586,273607.74646955007,9.335956139439753,4118135.4449377735
1.2409820348239415,135440.1718718469,8.29231256674489,1758912.3657288374
1.3635696816378855,188244.7810844845,7.002372880905404,2335947.16685264
0.4332054293845542,339290.11762549554,7.171833693776476,461602.1912653
1.8373826972574236,394265.24569567596,4.670989823749879,5898359.283228336
0.8956639972949388,499339.00455717987,9.2178457588561,3895691.2387222336
0.8279632036740451,473245.33253742306,6.976494729807525,2383429.5773136234
1.0859436400373914,357026.07981407666,7.316912510392583,3162596.360593684
0.18923533687260458,268499.2213176288,8.630739947494718,84484.83207383884
0.41593840063655085,354470.94588329305,2.8133087344876913,187719.19431140734
1.502263871210104,414260.6472320928,8.09000194828036,7563241.008806754
0.2573174690577403,147334.47636935493,2.0328819692692712,18659.562786318704
1.2459890079861375,263961.95587851526,3.51888532722439,1474439.7075777515
0.5661633083945098,435920.91425424686,3.422543497271443,528114.5346722961
0.8396616666797554,253533.1807732176,9.787402137052492,1660722.2279411848
0.6485180998643297,328748.9084908746,8.579718515104476,1164825.0537758884
0.7757781612834033,335107.7443448793,7.041581629743571,1449705.9844621632
1.4661872198500665,173790.50125345576,7.297861939992362,2719120.3430729774
0.6645312596840325,244894.17666091534,5.664520664585454,582505.9536530491
1.1761688165641047,233804.51549677286,9.476197604374338,3236893.753981504
1.0044957641782895,110478.68341282592,5.012961653535379,623640.1667320783
1.3609752141890314,109676.7055565421,3.867125327711956,793306.9683173955
1.8799765047170403,432678.8174703094,1.7140498356227512,2502676.867450718
1.4918869846994756,209228.32398912497,7.883435957384474,3386871.4468094283
0.5083867193224378,307231.5064955262,7.370994927548355,592852.03194722
0.15924795661644087,219490.22943550922,3.9051148813889354,22936.597963314674
0.5983016841696677,476271.6980461362,0.34941479819637067,60986.53963855374
1.2306480683304841,203718.7035463095,8.406073544408306,2593221.632589085
0.19770904562007566,271862.72509557405,0.21303803619532896,2197.2108319649847
1.0430958696823491,449092.10019384074,7.066627818327604,3264434.246623507
1.2340014129420895,436773.4267167235,9.705545386287964,6724589.72131752
0.7350633925522255,174440.56713851093,4.432847148667214,436900.15749104304
1.5647331871170618,421057.32391828415,2.4262367094599324,2307925.909309621
0.3025366809541664,283274.75469515705,7.078222999429479,198110.54688336438
0.24276178529803666,293187.5488341421,8.189568605954292,145565.15818717165
1.4835586367868463,153391.9889663775,5.509660129170689,1990272.178512777
1.041433500791777,132240.60550284985,9.673649225035847,1294345.9583282403
1.4079645532126985,391175.7227895061,0.6115203444138149,441821.08704126393
0.9261719433471177,298584.46094211994,5.097476423214828,1295861.9397608882
0.5681638631543029,274740.2810460718,7.212694078493246,655767.5405490489
1.6562944035809795,391803.2914609587,8.640140664376872,10120872.529049167
1.6188901700410605,406205.1595964439,1.8746305578871216,2066159.1400780878
1.4199232946234108,163563.26706774143,8.020034469460446,2612701.4721302837
0.617075760736929,344090.05979105656,5.571800049613598,692572.2303607113
1.2214382670512656,154141.6329110742,4.025881451700636,982752.1262026674
0.7858504041860509,400550.03441161825,1.4039787829330264,330542.0271348803
0.2740059393206049,362782.0625068558,8.666428013198233,255271.10985200765
1.8428957933782613,482645.84843338316,1.657004760979182,2677529.2842171704
0.35995539874602667,127583.20654256847,3.1668998061700826,56514.459063984155
1.9054509722595245,122821.88846050172,2.9714507664281253,1370054.8723792946
0.9474109686201159,212874.82987728005,8.726998938489457,1656078.807008959
